{
  "bad_counter": 0,
  "uidx": 106500,
  "eidx": 540,
  "estop": false,
  "history_errs": [
    250.01226052551826,
    220.1891348941518,
    188.6156733465718,
    159.70021276128205,
    138.98340000890005,
    126.67393762753836,
    120.16774937535568,
    116.88073031017248,
    114.46954236479677,
    112.0153747916333,
    109.99826547087528,
    108.53106486079346,
    107.60629319236732,
    107.14874503752817,
    106.80459736036528,
    106.035911394644,
    155.1179032975977,
    142.09445959148985,
    146.66905403859687,
    152.69012834809044,
    64.33378655079639
  ],
  "valid_script_scores": []
}